sub_exponent, time
8192,1926.000000 
16384,3674.000000 
32768,7437.000000 
65536,15907.000000 
131072,36563.000000 
262144,64295.000000 
524288,111070.000000 